"Site gecrawlt","https://www.ehip.eu/"
"Datum","2024-08-27"
"Zeit","17:05:50"
""
"Zusammenfassung","URLs","% von Gesamt","URLs insgesamt","Beschreibung von URLs insgesamt"
"Gefundene URLs insgesamt","500","100,00%","500","Gefundene URLs"
"Gecrawlte URLs insgesamt","498","99,60%","500","Gefundene URLs"
"Von robots.txt gesperrte interne Seiten insgesamt","0","0,00%","500","Gefundene URLs"
"Von robots.txt gesperrte externe Seiten insgesamt","2","0,40%","500","Gefundene URLs"
""
"Angezeigte URLs","500","100,00%","500","Angezeigte URLs"
"Interne URLs insgesamt","437","87,40%","500","Angezeigte URLs"
"Externe URLs insgesamt","63","12,60%","500","Angezeigte URLs"
"Gesamtzahl interner indexierbarer URLs","412","82,40%","500","Angezeigte URLs"
"Gesamtzahl der internen nicht indexierbaren URLs","25","5,00%","500","Angezeigte URLs"
""
"Intern"
"Alle","437","100,00%","437","Interne URLs"
"HTML","129","29,52%","437","Interne URLs"
"JavaScript","2","0,46%","437","Interne URLs"
"CSS","20","4,58%","437","Interne URLs"
"Bilder","286","65,45%","437","Interne URLs"
"Medien","0","0,00%","437","Interne URLs"
"Schriftarten","0","0,00%","437","Interne URLs"
"XML","0","0,00%","437","Interne URLs"
"PDF","0","0,00%","437","Interne URLs"
"Plugins","0","0,00%","437","Interne URLs"
"Andere","0","0,00%","437","Interne URLs"
"Unbekannt","0","0,00%","437","Interne URLs"
""
"Extern"
"Alle","63","100,00%","63","Externe URLs"
"HTML","56","88,89%","63","Externe URLs"
"JavaScript","2","3,17%","63","Externe URLs"
"CSS","0","0,00%","63","Externe URLs"
"Bilder","1","1,59%","63","Externe URLs"
"Medien","0","0,00%","63","Externe URLs"
"Schriftarten","0","0,00%","63","Externe URLs"
"XML","0","0,00%","63","Externe URLs"
"PDF","0","0,00%","63","Externe URLs"
"Plugins","0","0,00%","63","Externe URLs"
"Andere","2","3,17%","63","Externe URLs"
"Unbekannt","2","3,17%","63","Externe URLs"
""
"Sicherheit"
"Alle","437","100,00%","437","Alle internen und externen Nicht-HTML-URLs"
"HTTP-URLs","0","0,00%","437","Alle internen und externen Nicht-HTML-URLs"
"HTTPS-URLs","437","100,00%","437","Alle internen und externen Nicht-HTML-URLs"
"Gemischter Inhalt","0","0,00%","437","Alle internen und externen Nicht-HTML-URLs"
"Formular-URL unsicher","0","0,00%","437","Alle internen und externen Nicht-HTML-URLs"
"Formular auf HTTP-URL","0","0,00%","437","Alle internen und externen Nicht-HTML-URLs"
"Unsichere Cross-Origin-Links","122","27,92%","437","Alle internen und externen Nicht-HTML-URLs"
"Protokollrelative Ressourcen-Links","0","0,00%","437","Alle internen und externen Nicht-HTML-URLs"
"Fehlender HSTS-Header","0","0,00%","437","Alle internen und externen Nicht-HTML-URLs"
"Fehlender Content-Security-Policy-Header","0","0,00%","437","Alle internen und externen Nicht-HTML-URLs"
"Fehlender X-Content-Type-Options-Header","0","0,00%","437","Alle internen und externen Nicht-HTML-URLs"
"Fehlender X-Frame-Options-Header","0","0,00%","437","Alle internen und externen Nicht-HTML-URLs"
"Fehlender Secure-Referrer-Policy-Header","0","0,00%","437","Alle internen und externen Nicht-HTML-URLs"
"Falscher Inhaltstyp","0","0,00%","437","Alle internen und externen Nicht-HTML-URLs"
""
"Antwort-Codes"
"Alle","500","100,00%","500","Alle internen und externen gecrawlten URLs"
"Von robots.txt gesperrt","2","0,40%","500","Alle internen und externen gecrawlten URLs"
"Gesperrte Ressource","0","0,00%","500","Alle internen und externen gecrawlten URLs"
"Keine Antwort","0","0,00%","500","Alle internen und externen gecrawlten URLs"
"Erfolg (2xx)","472","94,40%","500","Alle internen und externen gecrawlten URLs"
"Umleitung (3xx)","21","4,20%","500","Alle internen und externen gecrawlten URLs"
"Umleitung (JavaScript)","0","0,00%","500","Alle internen und externen gecrawlten URLs"
"Umleitung (Meta Refresh)","0","0,00%","500","Alle internen und externen gecrawlten URLs"
"Client-Fehler (4xx)","4","0,80%","500","Alle internen und externen gecrawlten URLs"
"Server-Fehler (5xx)","0","0,00%","500","Alle internen und externen gecrawlten URLs"
"Intern Alle","437","87,40%","500","Alle intern gecrawlten URLs"
"Intern von Robots.txt blockiert","0","0,00%","500","Alle intern gecrawlten URLs"
"Interne blockierte Ressource","0","0,00%","500","Alle intern gecrawlten URLs"
"Intern keine Antwort","0","0,00%","500","Alle intern gecrawlten URLs"
"Interner Erfolg (2xx)","430","86,00%","500","Alle intern gecrawlten URLs"
"Interne Umleitung (3xx)","7","1,40%","500","Alle intern gecrawlten URLs"
"Interne Umleitung (JavaScript)","0","0,00%","500","Alle intern gecrawlten URLs"
"Interne Umleitung (Meta Refresh)","0","0,00%","500","Alle intern gecrawlten URLs"
"Interne Umleitungskette","0","0,00%","500","Alle intern gecrawlten URLs"
"Interne Umleitungsschleife","0","0,00%","500","Alle intern gecrawlten URLs"
"Interner Client-Fehler (4xx)","0","0,00%","500","Alle intern gecrawlten URLs"
"Interner Serverfehler (5xx)","0","0,00%","500","Alle intern gecrawlten URLs"
"Extern Alle","63","12,60%","500","Alle extern gecrawlten URLs"
"Extern blockiert durch Robots.txt","2","0,40%","500","Alle extern gecrawlten URLs"
"Externe blockierte Ressource","0","0,00%","500","Alle extern gecrawlten URLs"
"Extern keine Antwort","0","0,00%","500","Alle extern gecrawlten URLs"
"Externer Erfolg (2xx)","42","8,40%","500","Alle extern gecrawlten URLs"
"Externe Umleitung (3xx)","14","2,80%","500","Alle extern gecrawlten URLs"
"Externe Umleitung (JavaScript)","0","0,00%","500","Alle extern gecrawlten URLs"
"Externe Umleitung (Meta Refresh)","0","0,00%","500","Alle extern gecrawlten URLs"
"Externer Clientfehler (4xx)","4","0,80%","500","Alle extern gecrawlten URLs"
"Externer Serverfehler (5xx)","0","0,00%","500","Alle extern gecrawlten URLs"
""
"URL"
"Alle","437","100,00%","437","Interne URLs"
"Nicht-ASCII-Zeichen","47","10,76%","437","Interne URLs"
"Unterstriche","0","0,00%","437","Interne URLs"
"Großbuchstaben","7","1,60%","437","Interne URLs"
"Mehrere Slashes","0","0,00%","437","Interne URLs"
"Sich wiederholender Pfad","1","0,23%","437","Interne URLs"
"Enthält Leerzeichen","0","0,00%","437","Interne URLs"
"Interne Suche","0","0,00%","437","Interne URLs"
"Parameter","2","0,46%","437","Interne URLs"
"Fehlerhaftes Lesezeichen","0","0,00%","437","Interne URLs"
"GA-Verfolgungsparameter","0","0,00%","437","Interne URLs"
"Über 115 Zeichen","6","1,37%","437","Interne URLs"
""
"Seitentitel"
"Alle","122","100,00%","122","Interne HTML-Seiten mit 2xx-Antwort"
"Fehlende","0","0,00%","122","Interne HTML-Seiten mit 2xx-Antwort"
"Duplikate","0","0,00%","122","Interne HTML-Seiten mit 2xx-Antwort"
"Über 60 Zeichen","17","13,93%","122","Interne HTML-Seiten mit 2xx-Antwort"
"Unter 30 Zeichen","16","13,11%","122","Interne HTML-Seiten mit 2xx-Antwort"
"Über 561 Pixel","17","13,93%","122","Interne HTML-Seiten mit 2xx-Antwort"
"Unter 200 Pixel","9","7,38%","122","Interne HTML-Seiten mit 2xx-Antwort"
"Gleich wie H1","0","0,00%","122","Interne HTML-Seiten mit 2xx-Antwort"
"Mehrere","0","0,00%","122","Interne HTML-Seiten mit 2xx-Antwort"
"Außerhalb von <head>","0","0,00%","122","Interne HTML-Seiten mit 2xx-Antwort"
""
"Meta Description"
"Alle","122","100,00%","122","Interne HTML-Seiten mit 2xx-Antwort"
"Fehlende","1","0,82%","122","Interne HTML-Seiten mit 2xx-Antwort"
"Duplikate","11","9,02%","122","Interne HTML-Seiten mit 2xx-Antwort"
"Über 155 Zeichen","7","5,74%","122","Interne HTML-Seiten mit 2xx-Antwort"
"Unter 70 Zeichen","3","2,46%","122","Interne HTML-Seiten mit 2xx-Antwort"
"Über 985 Pixel","6","4,92%","122","Interne HTML-Seiten mit 2xx-Antwort"
"Unter 400 Pixel","3","2,46%","122","Interne HTML-Seiten mit 2xx-Antwort"
"Mehrere","0","0,00%","122","Interne HTML-Seiten mit 2xx-Antwort"
"Außerhalb von <head>","0","0,00%","122","Interne HTML-Seiten mit 2xx-Antwort"
""
"Meta Keywords"
"Alle","122","100,00%","122","Interne HTML-Seiten mit 2xx-Antwort"
"Fehlende","104","85,25%","122","Interne HTML-Seiten mit 2xx-Antwort"
"Duplikate","0","0,00%","122","Interne HTML-Seiten mit 2xx-Antwort"
"Mehrere","0","0,00%","122","Interne HTML-Seiten mit 2xx-Antwort"
""
"H1"
"Alle","122","100,00%","122","Interne HTML-Seiten mit 2xx-Antwort"
"Fehlende","54","44,26%","122","Interne HTML-Seiten mit 2xx-Antwort"
"Duplikate","8","6,56%","122","Interne HTML-Seiten mit 2xx-Antwort"
"Über 70 Zeichen","1","0,82%","122","Interne HTML-Seiten mit 2xx-Antwort"
"Mehrere","0","0,00%","122","Interne HTML-Seiten mit 2xx-Antwort"
"Alt-Text in H1","0","0,00%","122","Interne HTML-Seiten mit 2xx-Antwort"
"Nicht sequenziell","1","0,82%","122","Interne HTML-Seiten mit 2xx-Antwort"
""
"H2"
"Alle","122","100,00%","122","Interne HTML-Seiten mit 2xx-Antwort"
"Fehlende","1","0,82%","122","Interne HTML-Seiten mit 2xx-Antwort"
"Duplikate","50","40,98%","122","Interne HTML-Seiten mit 2xx-Antwort"
"Über 70 Zeichen","56","45,90%","122","Interne HTML-Seiten mit 2xx-Antwort"
"Mehrere","98","80,33%","122","Interne HTML-Seiten mit 2xx-Antwort"
"Nicht sequenziell","1","0,82%","122","Interne HTML-Seiten mit 2xx-Antwort"
""
"Inhalt"
"Alle","122","100,00%","122","Inhalt in URL"
"Exakte Duplikate","0","0,00%","122","Inhalt in URL"
"Nahduplikate","0","0,00%","122","Inhalt in URL"
"Seiten mit geringem Inhalt","5","4,10%","122","Inhalt in URL"
"Soft-404-Seiten","0","0,00%","122","Inhalt in URL"
"Rechtschreibfehler","0","0,00%","122","Inhalt in URL"
"Grammatikfehler","0","0,00%","122","Inhalt in URL"
"Lesbarkeit schwierig","72","59,02%","122","Inhalt in URL"
"Sehr schwierig lesbar","19","15,57%","122","Inhalt in URL"
"Lorem Ipsum-Platzhalter","0","0,00%","122","Inhalt in URL"
""
"Bilder"
"Alle","287","100,00%","287","Bilder mit 2xx-Antwort"
"Über 100 KB","54","18,82%","287","Bilder mit 2xx-Antwort"
"Fehlender Alt-Text","44","15,33%","287","Bilder mit 2xx-Antwort"
"Fehlendes Alt-Attribut","0","0,00%","287","Bilder mit 2xx-Antwort"
"Alt-Text über 100 Zeichen","4","1,39%","287","Bilder mit 2xx-Antwort"
"Hintergrundbilder","0","0,00%","287","Bilder mit 2xx-Antwort"
"Bilder mit falscher Größe","0","0,00%","287","Bilder mit 2xx-Antwort"
"Fehlende Größenattribute","13","4,53%","287","Bilder mit 2xx-Antwort"
""
"Canonicals"
"Alle","122","100,00%","122","Interne HTML- oder PDF-Seiten mit 2xx-Antwort"
"Enthält Canonical","114","93,44%","122","Interne HTML- oder PDF-Seiten mit 2xx-Antwort"
"Selbstreferenzierung","105","86,07%","122","Interne HTML- oder PDF-Seiten mit 2xx-Antwort"
"Canonicalised","9","7,38%","122","Interne HTML- oder PDF-Seiten mit 2xx-Antwort"
"Fehlende","5","4,10%","122","Interne HTML- oder PDF-Seiten mit 2xx-Antwort"
"Mehrere","0","0,00%","122","Interne HTML- oder PDF-Seiten mit 2xx-Antwort"
"Mehrfach widersprüchlich","0","0,00%","122","Interne HTML- oder PDF-Seiten mit 2xx-Antwort"
"Nicht indexierbarer Canonical","1","0,82%","122","Interne HTML- oder PDF-Seiten mit 2xx-Antwort"
"Kanonisch ist relativ","0","0,00%","122","Interne HTML- oder PDF-Seiten mit 2xx-Antwort"
"Nicht verknüpft","0","0,00%","122","Interne HTML- oder PDF-Seiten mit 2xx-Antwort"
"Außerhalb von <head>","0","0,00%","122","Interne HTML- oder PDF-Seiten mit 2xx-Antwort"
""
"Paginierung"
"Alle","122","100,00%","122","Interne HTML-Seiten mit 2xx-Antwort"
"Enthält Paginierung","0","0,00%","122","Interne HTML-Seiten mit 2xx-Antwort"
"Erste Seite","0","0,00%","122","Interne HTML-Seiten mit 2xx-Antwort"
"2 oder mehr Seiten paginiert","0","0,00%","122","Interne HTML-Seiten mit 2xx-Antwort"
"Paginierungs-URL nicht im Anchor-Tag","0","0,00%","122","Interne HTML-Seiten mit 2xx-Antwort"
"Paginierungs-URLs ohne Status-Code 200","0","0,00%","122","Interne HTML-Seiten mit 2xx-Antwort"
"Nicht verlinkte Paginierungs-URLs","0","0,00%","122","Interne HTML-Seiten mit 2xx-Antwort"
"Nicht indexierbar","0","0,00%","122","Interne HTML-Seiten mit 2xx-Antwort"
"Mehrere Paginierungs-URLs","0","0,00%","122","Interne HTML-Seiten mit 2xx-Antwort"
"Paginierungsschleife","0","0,00%","122","Interne HTML-Seiten mit 2xx-Antwort"
"Sequenzfehler","0","0,00%","122","Interne HTML-Seiten mit 2xx-Antwort"
""
"Direktive"
"Alle","430","100,00%","430","Interne URLs mit 2xx-Antwort"
"Index","105","24,42%","430","Interne URLs mit 2xx-Antwort"
"Noindex","17","3,95%","430","Interne URLs mit 2xx-Antwort"
"Follow","105","24,42%","430","Interne URLs mit 2xx-Antwort"
"Nofollow","17","3,95%","430","Interne URLs mit 2xx-Antwort"
"None","0","0,00%","430","Interne URLs mit 2xx-Antwort"
"NoArchive","0","0,00%","430","Interne URLs mit 2xx-Antwort"
"NoSnippet","0","0,00%","430","Interne URLs mit 2xx-Antwort"
"Max-Snippet","0","0,00%","430","Interne URLs mit 2xx-Antwort"
"Max-Image-Preview","0","0,00%","430","Interne URLs mit 2xx-Antwort"
"Max-Video-Preview","0","0,00%","430","Interne URLs mit 2xx-Antwort"
"NoODP","0","0,00%","430","Interne URLs mit 2xx-Antwort"
"NoYDIR","0","0,00%","430","Interne URLs mit 2xx-Antwort"
"NoImageIndex","0","0,00%","430","Interne URLs mit 2xx-Antwort"
"NoTranslate","0","0,00%","430","Interne URLs mit 2xx-Antwort"
"Unavailable_After","0","0,00%","430","Interne URLs mit 2xx-Antwort"
"Refresh","0","0,00%","129","Interne HTML-Seiten mit 2xx-Antwort"
"Außerhalb von <head>","0","0,00%","430","Interne URLs mit 2xx-Antwort"
""
"Hreflang"
"Alle","122","100,00%","122","Interne Seiten mit 2xx-Antwort"
"Enthält hreflang","0","0,00%","122","Interne Seiten mit 2xx-Antwort"
"hreflang-URLs ohne Status-Code 200","0","0,00%","122","Interne Seiten mit 2xx-Antwort"
"Nicht verlinkte hreflang-URLs","0","0,00%","122","Interne Seiten mit 2xx-Antwort"
"Fehlende Rückverweise","0","0,00%","122","Interne Seiten mit 2xx-Antwort"
"Inkonsistente Sprachen- und Regionsrückverweise","0","0,00%","122","Interne Seiten mit 2xx-Antwort"
"Nicht-Canonical-Rückverweislink","0","0,00%","122","Interne Seiten mit 2xx-Antwort"
"Noindex-Rückverweise","0","0,00%","122","Interne Seiten mit 2xx-Antwort"
"Falsche Sprach- und Regionscodes","0","0,00%","122","Interne Seiten mit 2xx-Antwort"
"Mehrere Einträge","0","0,00%","122","Interne Seiten mit 2xx-Antwort"
"Fehlende Selbstreferenz","0","0,00%","122","Interne Seiten mit 2xx-Antwort"
"Ohne Canonical-Verwendung","0","0,00%","122","Interne Seiten mit 2xx-Antwort"
"Fehlendes X-Default","0","0,00%","122","Interne Seiten mit 2xx-Antwort"
"Fehlende","0","0,00%","122","Interne Seiten mit 2xx-Antwort"
"Außerhalb von <head>","0","0,00%","122","Interne Seiten mit 2xx-Antwort"
""
"JavaScript"
"Alle","122","100,00%","122","Interne HTML-Seiten mit 2xx-Antwort"
"Seiten mit blockierten Ressourcen","0","0,00%","122","Interne HTML-Seiten mit 2xx-Antwort"
"Enthält JavaScript-Links","0","0,00%","122","Interne HTML-Seiten mit 2xx-Antwort"
"Enthält JavaScript-Inhalte","0","0,00%","122","Interne HTML-Seiten mit 2xx-Antwort"
"Noindex nur in Original-HTML","0","0,00%","122","Interne HTML-Seiten mit 2xx-Antwort"
"Nofollow nur in Original-HTML","0","0,00%","122","Interne HTML-Seiten mit 2xx-Antwort"
"Canonical nur in gerendertem HTML","0","0,00%","122","Interne HTML-Seiten mit 2xx-Antwort"
"Canonical-Nichtübereinstimmung","0","0,00%","122","Interne HTML-Seiten mit 2xx-Antwort"
"Seitentitel nur in gerendertem HTML","0","0,00%","122","Interne HTML-Seiten mit 2xx-Antwort"
"Seitentitel von JavaScript aktualisiert","0","0,00%","122","Interne HTML-Seiten mit 2xx-Antwort"
"Meta Description nur in gerendertem HTML","0","0,00%","122","Interne HTML-Seiten mit 2xx-Antwort"
"Meta Description aktualisiert von JavaScript","0","0,00%","122","Interne HTML-Seiten mit 2xx-Antwort"
"H1 nur in gerendertem HTML","0","0,00%","122","Interne HTML-Seiten mit 2xx-Antwort"
"H1 aktualisiert von JavaScript","0","0,00%","122","Interne HTML-Seiten mit 2xx-Antwort"
"Verwendet alte AJAX-Crawling-Schema-URLs","0","0,00%","122","Interne HTML-Seiten mit 2xx-Antwort"
"Verwendet das Metafragment-Tag des alten AJAX-Crawling-Schemas","0","0,00%","122","Interne HTML-Seiten mit 2xx-Antwort"
"Seiten mit JavaScript-Fehlern","0","0,00%","122","Interne HTML-Seiten mit 2xx-Antwort"
"Seiten mit JavaScript-Warnungen","0","0,00%","122","Interne HTML-Seiten mit 2xx-Antwort"
"Seiten mit Chrome-Problemen","0","0,00%","122","Interne HTML-Seiten mit 2xx-Antwort"
""
"Links"
"Alle","122","100,00%","122","Probleme mit URL-Links"
"Seiten mit viel Crawltiefe","0","0,00%","122","Probleme mit URL-Links"
"Seiten ohne interne Outlinks","0","0,00%","122","Probleme mit URL-Links"
"Interne Nofollow-Outlinks","0","0,00%","122","Probleme mit URL-Links"
"Interne Outlinks ohne Ankertext","122","100,00%","122","Probleme mit URL-Links"
"Nicht beschreibender Ankertext in internen Outlinks","0","0,00%","122","Probleme mit URL-Links"
"Seiten mit vielen externen Outlinks","42","34,43%","122","Probleme mit URL-Links"
"Seiten mit vielen internen Outlinks","0","0,00%","122","Probleme mit URL-Links"
"Follow &amp; Nofollow Interne Inlinks zur Seite","0","0,00%","122","Probleme mit URL-Links"
"Nur interne Nofollow-Inlinks","0","0,00%","122","Probleme mit URL-Links"
"Outlinks zu Localhost","0","0,00%","122","Probleme mit URL-Links"
"Nur nicht indexierbare Seiten-Inlinks","0","0,00%","122","Probleme mit URL-Links"
""
"AMP"
"Alle","0","0,00%","0","Interne AMP-URLs"
"Antwort ohne Status-Code 200","0","0,00%","129","Interne HTML-URLs"
"Fehlender Nicht-AMP-Rückverweis","0","0,00%","0","Interne AMP-URLs"
"Fehlendes Canonical zu Nicht-AMP","0","0,00%","0","Interne AMP-URLs"
"Nicht indexierbare Canonical","0","0,00%","0","Interne AMP-URLs"
"Indexierbar","0","0,00%","0","Interne AMP-URLs"
"Nicht indexierbar","0","0,00%","0","Interne AMP-URLs"
"Fehlendes <html amp>-Tag","0","0,00%","129","Interne HTML-URLs"
"Fehlendes/ungültiges <!doctype html>-Tag","0","0,00%","0","Interne AMP-URLs"
"Fehlendes <head>-Tag","0","0,00%","0","Interne AMP-URLs"
"Fehlendes <body>-Tag","0","0,00%","0","Interne AMP-URLs"
"Fehlendes Canonical","0","0,00%","0","Interne AMP-URLs"
"Fehlendes/ungültiges <meta charset>-Tag","0","0,00%","0","Interne AMP-URLs"
"Fehlendes/ungültiges <meta viewport>-Tag","0","0,00%","0","Interne AMP-URLs"
"Fehlendes/ungültiges AMP-Skript","0","0,00%","0","Interne AMP-URLs"
"Fehlende/ungültige AMP-Boilerplate","0","0,00%","0","Interne AMP-URLs"
"Enthält unzulässiges HTML","0","0,00%","0","Interne AMP-URLs"
"Andere Fehler bei der Validierung","0","0,00%","0","Interne AMP-URLs"
""
"Strukturierte Daten"
"Alle","122","100,00%","122","Strukturierte Daten in URL"
"Enthält strukturierte Daten","0","0,00%","122","Strukturierte Daten in URL"
"Fehlende","0","0,00%","122","Strukturierte Daten in URL"
"Validierungsfehler","0","0,00%","122","Strukturierte Daten in URL"
"Validierungswarnungen","0","0,00%","122","Strukturierte Daten in URL"
"Rich-Result-Validierungsfehler","0","0,00%","122","Strukturierte Daten in URL"
"Rich-Result-Validierungswarnungen","0","0,00%","122","Strukturierte Daten in URL"
"Analysefehler","0","0,00%","122","Strukturierte Daten in URL"
"Microdata-URLs","0","0,00%","122","Strukturierte Daten in URL"
"JSON-LD-URLs","0","0,00%","122","Strukturierte Daten in URL"
"RDFa-URLs","0","0,00%","122","Strukturierte Daten in URL"
"Rich-Result-Funktion erkannt","0","0,00%","122","Strukturierte Daten in URL"
""
"Sitemaps"
"Alle","129","100,00%","129","Interne HTML-/XML-Seiten"
"URLs in der Sitemap","0","0,00%","129","Interne HTML-/XML-Seiten"
"URLs nicht in der Sitemap","0","0,00%","129","Interne HTML-/XML-Seiten"
"Verwaiste URLs","0","0,00%","129","Interne HTML-/XML-Seiten"
"Nicht indexierbare URLs in der Sitemap","0","0,00%","129","Interne HTML-/XML-Seiten"
"URLs in mehreren Sitemaps","0","0,00%","129","Interne HTML-/XML-Seiten"
"XML-Sitemap mit über 50.000 URLs","0","0,00%","129","Interne HTML-/XML-Seiten"
"XML-Sitemap über 50 MB","0","0,00%","129","Interne HTML-/XML-Seiten"
""
"PageSpeed"
"Alle","122","100,00%","122","PageSpeed-Daten"
"Render-Blocking-Ressourcen vermeiden","0","0,00%","122","PageSpeed-Daten"
"Bilder in der richtigen Größe speichern","0","0,00%","122","PageSpeed-Daten"
"Nicht sichtbare Bilder später laden","0","0,00%","122","PageSpeed-Daten"
"CSS minimieren","0","0,00%","122","PageSpeed-Daten"
"JavaScript minimieren","0","0,00%","122","PageSpeed-Daten"
"Reduzieren Sie ungenutztes CSS","0","0,00%","122","PageSpeed-Daten"
"Reduzieren Sie ungenutztes JavaScript","0","0,00%","122","PageSpeed-Daten"
"Bilder effizient komprimieren","0","0,00%","122","PageSpeed-Daten"
"Bilder in Next-Gen-Formaten bereitstellen","0","0,00%","122","PageSpeed-Daten"
"Textkomprimierung aktivieren","0","0,00%","122","PageSpeed-Daten"
"Vorabverbindung zu erforderlichen Quellen herstellen","0","0,00%","122","PageSpeed-Daten"
"Server-Reaktionszeiten verkürzen (TTFB)","0","0,00%","122","PageSpeed-Daten"
"Mehrfache Seitenumleitungen vermeiden","0","0,00%","122","PageSpeed-Daten"
"Wichtige Anforderungen vorab laden","0","0,00%","122","PageSpeed-Daten"
"Videoformate für animierte Inhalte verwenden","0","0,00%","122","PageSpeed-Daten"
"Übermäßige DOM-Größe vermeiden","0","0,00%","122","PageSpeed-Daten"
"JavaScript-Ausführungszeit reduzieren","0","0,00%","122","PageSpeed-Daten"
"Statische Assets mit effizienter Cache-Richtlinie bereitstellen","0","0,00%","122","PageSpeed-Daten"
"Minimierung der Haupt-Thread-Arbeit","0","0,00%","122","PageSpeed-Daten"
"Sicherstellen, dass Text beim Laden von Webfonts sichtbar bleibt","0","0,00%","122","PageSpeed-Daten"
"Bildelemente haben keine explizite Breite und Höhe","0","0,00%","122","PageSpeed-Daten"
"Vermeiden Sie große Layoutverschiebungen","0","0,00%","122","PageSpeed-Daten"
"Vermeiden Sie die Bereitstellung von altem JavaScript für moderne Browser","0","0,00%","122","PageSpeed-Daten"
"Anfragenfehler","0","0,00%","122","PageSpeed-Daten"
""
"Mobil"
"Alle","122","100,00%","122",""
"Viewport nicht festgelegt","0","0,00%","122",""
"Tippziele","0","0,00%","122",""
"Inhalt hat nicht die richtige Gröe","0","0,00%","122",""
"Nicht lesbare Schriftgröße","0","0,00%","122",""
"Nicht unterstützte Plugins","0","0,00%","122",""
"Alternativer Mobil-Link","0","0,00%","122",""
""
"Benutzerdefinierte Suche"
"Alle","122","100,00%","122","Interne HTML-Seiten mit 2xx-Antwort"
""
"Benutzerdefinierte Extraktion"
"Alle","122","100,00%","122","Interne HTML-Seiten mit 2xx-Antwort"
""
"Eigenes JavaScript"
"Alle","430","100,00%","430","Interne HTML-Seiten mit 2xx-Antwort"
""
"Analytics"
"Alle","129","100,00%","129","Interne URLs mit zugehörigen Google Analytics-Daten"
"Sitzungen über 0","0","0,00%","129","Interne URLs mit zugehörigen Google Analytics-Daten"
"Bounce Rate über 70 %","0","0,00%","129","Interne URLs mit zugehörigen Google Analytics-Daten"
"Keine GA-Daten","0","0,00%","129","Interne URLs mit zugehörigen Google Analytics-Daten"
"Nicht indexierbar mit GA-Daten","0","0,00%","129","Interne URLs mit zugehörigen Google Analytics-Daten"
"Verwaiste URLs","0","0,00%","129","Interne URLs mit zugehörigen Google Analytics-Daten"
""
"Search Console"
"Alle","129","100,00%","129","Interne URLs mit zugehörigen Google Search Console-Daten"
"Klicks über 0","0","0,00%","129","Interne URLs mit zugehörigen Google Search Console-Daten"
"Keine Suchanalytikdaten","0","0,00%","129","Interne URLs mit zugehörigen Google Search Console-Daten"
"Nicht indexierbar mit Suchanalytikdaten","0","0,00%","129","Interne URLs mit zugehörigen Google Search Console-Daten"
"Verwaiste URLs","0","0,00%","129","Interne URLs mit zugehörigen Google Search Console-Daten"
"URL ist nicht auf Google","0","0,00%","129","Interne URLs mit zugehörigen Google Search Console-Daten"
"Indexierbare URL nicht indexiert","0","0,00%","129","Interne URLs mit zugehörigen Google Search Console-Daten"
"URL ist auf Google, aber es wurden Probleme festgestellt","0","0,00%","129","Interne URLs mit zugehörigen Google Search Console-Daten"
"Google verwendet andere URL als vom Nutzer im Canonical angegeben","0","0,00%","129","Interne URLs mit zugehörigen Google Search Console-Daten"
"URL ist nicht Mobile Friendly","0","0,00%","129","Interne URLs mit zugehörigen Google Search Console-Daten"
"AMP URL ist invalide","0","0,00%","129","Interne URLs mit zugehörigen Google Search Console-Daten"
"Rich Result invalide","0","0,00%","129","Interne URLs mit zugehörigen Google Search Console-Daten"
""
"Validierung"
"Alle","437","100,00%","437","Probleme mit der HTML-Validierung"
"Ungültige HTML-Elemente in <head>","0","0,00%","437","Probleme mit der HTML-Validierung"
"<body>-Element vor <html>","0","0,00%","437","Probleme mit der HTML-Validierung"
"<head> Nicht zuerst im <html>-Element","0","0,00%","437","Probleme mit der HTML-Validierung"
"<head>-Tag fehlt","0","0,00%","437","Probleme mit der HTML-Validierung"
"Mehrere <head>-Tags","0","0,00%","437","Probleme mit der HTML-Validierung"
"<body>-Tag fehlt","0","0,00%","437","Probleme mit der HTML-Validierung"
"Mehrere <body>-Tags","0","0,00%","437","Probleme mit der HTML-Validierung"
"HTML-Dokument größer als 15 MB","0","0,00%","437","Probleme mit der HTML-Validierung"
"Ressource hat mehr als 15 MB","0","0,00%","437","Probleme mit der HTML-Validierung"
"Hohe CO2-Bewertung","0","0,00%","437","Probleme mit der HTML-Validierung"
""
"Link-Metriken"
"Alle","129","100,00%","129","Interne HTML-/PDF-Seiten"
""
""
"Tiefe (Klicks ab Start-URL)"
"0","1","0,82%","122","Internal HTML pages with 2xx response"
"1","61","50,00%","122","Internal HTML pages with 2xx response"
"2","60","49,18%","122","Internal HTML pages with 2xx response"
"3","0","0,00%","122","Internal HTML pages with 2xx response"
"4","0","0,00%","122","Internal HTML pages with 2xx response"
"5","0","0,00%","122","Internal HTML pages with 2xx response"
"6","0","0,00%","122","Internal HTML pages with 2xx response"
"7","0","0,00%","122","Internal HTML pages with 2xx response"
"8","0","0,00%","122","Internal HTML pages with 2xx response"
"9","0","0,00%","122","Internal HTML pages with 2xx response"
"10+","0","0,00%","122","Internal HTML pages with 2xx response"
""
"Inlinks (erste 20 URLs)"
"https://www.ehip.eu/study-guide/warum-ehip/","122","100,00%","122","Internal HTML pages with 2xx response"
"https://www.ehip.eu/fernstudium/bachelor/fernstudium-personalmanagement/","122","100,00%","122","Internal HTML pages with 2xx response"
"https://www.ehip.eu/fernstudium/bachelor/international-management-studium/","122","100,00%","122","Internal HTML pages with 2xx response"
"https://www.ehip.eu/study-guide/pruefungsformen/","122","100,00%","122","Internal HTML pages with 2xx response"
"https://www.ehip.eu/studienplatz-sichern/","122","100,00%","122","Internal HTML pages with 2xx response"
"https://www.ehip.eu/wirtschaft-und-management-bachelorstudiengaenge/","122","100,00%","122","Internal HTML pages with 2xx response"
"https://www.ehip.eu/kalender-studienberatung/","122","100,00%","122","Internal HTML pages with 2xx response"
"https://www.ehip.eu/study-guide/voraussetzungen/","122","100,00%","122","Internal HTML pages with 2xx response"
"https://www.ehip.eu/study-guide/studieren-direkt-nach-abitur/","122","100,00%","122","Internal HTML pages with 2xx response"
"https://www.ehip.eu/study-guide/bafoeg-fernstudium/","122","100,00%","122","Internal HTML pages with 2xx response"
"https://www.ehip.eu/bachelor-studiengaenge/","122","100,00%","122","Internal HTML pages with 2xx response"
"https://www.ehip.eu/study-guide/studium-und-job/","122","100,00%","122","Internal HTML pages with 2xx response"
"https://www.ehip.eu/gesundheit-bachelorstudiengaenge/","122","100,00%","122","Internal HTML pages with 2xx response"
"https://www.ehip.eu/study-guide/deine-bruecke-zu-uns/","122","100,00%","122","Internal HTML pages with 2xx response"
"https://www.ehip.eu/kontaktformular/","122","100,00%","122","Internal HTML pages with 2xx response"
"https://www.ehip.eu/study-guide/lernkonzept-focus/","122","100,00%","122","Internal HTML pages with 2xx response"
"https://www.ehip.eu/study-guide/online-campus/","122","100,00%","122","Internal HTML pages with 2xx response"
"https://www.ehip.eu/study-guide/deine-studienberatung/","122","100,00%","122","Internal HTML pages with 2xx response"
"https://www.ehip.eu/study-guide/anrechnung-und-anerkennung/","122","100,00%","122","Internal HTML pages with 2xx response"
"https://www.ehip.eu/ueber-uns/","122","100,00%","122","Internal HTML pages with 2xx response"
""
"Reaktionszeit (Sekunden)","URLs","% von Gesamt"
"1","401","91,76%"
"2","4","0,92%"
"3","9","2,06%"
"4","19","4,35%"
"5","3","0,69%"
"6","1","0,23%"
