"Adresse","Inhaltstyp","Größe (Bytes)","IMG-Inlinks","Indexierbarkeit","Indexierbarkeitsstatus","Abmessungen"
"https://www.delst.de/files/theme/cc/certification/pxa_bf_pos_small.png","image/png","3136","1","Indexierbar","",""
"https://www.delst.de/files/theme/cc/certification/logo-academyofsports-400.webp","image/webp","6832","1","Indexierbar","",""
"https://www.delst.de/assets/images/2/top-fernschule-2023-delst-0f956adb.webp","image/webp","1660","316","Indexierbar","",""
"https://www.delst.de/files/contents/logos/logo_delst_rgb.svg","image/svg+xml","0","316","Indexierbar","",""
"https://www.delst.de/files/zertifizierungen/awards/fsd-siegel-2024.png","image/png","5242","1","Indexierbar","",""
"https://www.delst.de/files/theme/cc/certification/DIHK-Bildungs-gGmbH-Logo.jpg","image/jpeg","7238","2","Indexierbar","",""
"https://www.delst.de/files/teaser/DeLSt/kontaktbanner.webp","image/webp","47996","26","Indexierbar","",""
"https://www.delst.de/files/zertifizierungen/zfu-siegel-zugelassen-grau-startseite-Wiederhergestellt.png","image/png","8273","1","Indexierbar","",""
"https://www.delst.de/assets/images/c/fsd-siegel-2024-f2de0e60.png","image/png","7701","316","Indexierbar","",""
"https://www.delst.de/files/theme/cc/certification/dekra.png","image/png","3346","1","Indexierbar","",""
"https://www.delst.de/files/theme/cc/certification/delst-top-anbieter-fortbildung24-breit.jpg","image/jpeg","9365","1","Indexierbar","",""
"https://www.delst.de/files/zertifizierungen/kursfinder-top-anbieter-2023.svg","image/svg+xml","0","1","Indexierbar","",""
"https://www.delst.de/files/theme/img/delst_qr_code_logo.png","image/png","5744","316","Indexierbar","",""
"https://www.delst.de/files/icons/WhatsApp_Logo_1.png","image/png","3498","316","Indexierbar","",""
"https://www.delst.de/files/contents/logos/partner/logo-ehip-cmyk-ou.webp","image/webp","1250","8","Indexierbar","",""
"https://www.delst.de/files/zertifizierungen/top-fernschule-2023-delst.png","image/png","5801","1","Indexierbar","",""
"https://www.delst.de/files/zertifizierungen/kununu-arbeitgeber-bewertung-de-open-company-delst.jpg","image/jpeg","14998","9","Indexierbar","",""
"https://www.delst.de/files/zertifizierungen/awards/kununu-arbeitgeber-bewertung-de_top_company-delst.jpg","image/jpeg","15024","9","Indexierbar","",""
"https://www.delst.de/files/contents/news/jobs-stellenangebote-stuttgart-delst.jpg","image/jpeg","64279","2","Indexierbar","",""
"https://www.delst.de/files/keyvisual/bildungsbereiche/Fitness-%20und%20Gesundheitsmanagement/fernstudium-fitness-gesundheitsmanagement-delst.webp","image/webp","5294","1","Indexierbar","",""
"https://www.delst.de/assets/images/4/pruefungstraining-wq-keyvisual-cfdc8094.webp","image/webp","21358","1","Indexierbar","",""
"https://www.delst.de/assets/images/5/studienkonzept-delst-de5ef93f.png","image/png","111297","1","Indexierbar","",""
"https://www.delst.de/assets/images/5/lehrmethoden-lernmethoden-fernstudium-delst-40c8da4b.png","image/png","94256","1","Indexierbar","",""
"https://www.delst.de/files/teaser/DeLSt/online-campus.jpg","image/jpeg","9989","1","Indexierbar","",""
"https://www.delst.de/assets/images/b/foerdermoeglichkeiten-fernstudium-delst-930ceed9.jpg","image/jpeg","11853","1","Indexierbar","",""
"https://www.delst.de/assets/images/4/studienverlauf-ablauf-fernstudium-delst-90a7f454.png","image/png","100987","1","Indexierbar","",""
"https://www.delst.de/assets/images/5/qualitaetssicherung-fernstudium-delst-d686adf6.png","image/png","96961","1","Indexierbar","",""
"https://www.delst.de/assets/images/f/studienbetreuung-kontakt-81b1b1d6.jpg","image/jpeg","13229","6","Indexierbar","",""
"https://www.delst.de/files/keyvisual/bildungsbereiche/Reiten/reitsport-weiterbildungen-delst.webp","image/webp","9448","1","Indexierbar","",""
"https://www.delst.de/assets/images/f/reiten-ausbildung-delst-8674280f.jpg","image/jpeg","20634","1","Indexierbar","",""
"https://www.delst.de/assets/images/c/ausbildung-reiten-delst-de8b6059.jpg","image/jpeg","13071","1","Indexierbar","",""
"https://www.delst.de/assets/images/b/lehrgang-reiten-delst-01765de8.jpg","image/jpeg","28406","1","Indexierbar","",""
"https://www.delst.de/assets/images/a/reiten-lehrgang-delst-7d5baf83.jpg","image/jpeg","24748","1","Indexierbar","",""
"https://www.delst.de/assets/images/3/fernstudium-kostenfreier-ada-schein-aevo-delst-cc2964a4.svg","image/svg+xml","0","8","Indexierbar","",""
"https://images.provenexpert.com/f2/42/7e24723829c61d1ae4154fa5c5e4/widget_landscape_155_de_0.png","image/png","10540","96","Indexierbar","",""
"https://www.delst.de/assets/images/c/azav-logo-foerdermoeglichkeiten-produktseiten-delst-62139e40.webp","image/webp","3976","15","Indexierbar","",""
"https://www.delst.de/files/theme/cc/certification/ihk-siegel.svg","image/svg+xml","0","34","Indexierbar","",""
"https://www.delst.de/assets/images/3/fernstudium-abschluss-delst-36260341.svg","image/svg+xml","0","56","Indexierbar","",""
"https://www.delst.de/files/team/tutoren/carsten-kulka-tutor-delst.jpg","image/jpeg","9635","68","Indexierbar","",""
"https://www.delst.de/assets/images/7/yt-thumbnail-industriefachwirt-d658ad42.png","image/png","237661","1","Indexierbar","",""
"https://www.delst.de/files/icons/delst-tutor-fachliche-lernbegleitung-150.png","image/png","2005","94","Indexierbar","",""
"https://www.delst.de/assets/images/1/fernstudium-flexibler-start-delst-8767a459.svg","image/svg+xml","0","94","Indexierbar","",""
"https://www.delst.de/assets/images/a/thomas-wiessner-team-44e9f13d.webp","image/webp","4624","32","Indexierbar","",""
"https://www.delst.de/assets/images/e/fernstudium-keine-zusatzkosten-delst-ed44292e.svg","image/svg+xml","0","60","Indexierbar","",""
"https://www.delst.de/files/theme/cc/certification/online-lernen.svg","image/svg+xml","0","99","Indexierbar","",""
"https://www.delst.de/assets/images/e/think-outside-the-box-aktionsseite-aec9f028.webp","image/webp","23306","24","Indexierbar","",""
"https://www.delst.de/files/contents/logos/Foerderungen/foerderung-zuschuss-der-bundeslaender-delst.webp","image/webp","5038","20","Indexierbar","",""
"https://www.delst.de/assets/images/4/andreas-gloeckl-team-bba38e86.webp","image/webp","3918","15","Indexierbar","",""
"https://www.delst.de/assets/images/3/julia-jorcke-team-d5309526.webp","image/webp","3576","34","Indexierbar","",""
"https://www.delst.de/files/contents/DeLSt/zertifikat-delst-zfu-neu.webp","image/webp","44682","79","Indexierbar","",""
"https://www.delst.de/files/theme/cc/certification/BiBB-Logo.svg","image/svg+xml","0","56","Indexierbar","",""
"https://www.delst.de/assets/images/1/support-teilnehmerbetreuung-academyofsports-9e3caf99.svg","image/svg+xml","0","39","Indexierbar","",""
"https://www.delst.de/files/team/dozenten/markus-edenharder-web.jpg","image/jpeg","16247","288","Indexierbar","",""
"https://www.delst.de/assets/images/f/berufsfoerderungsdienst-bfd-academy-of-sports-d550c9ed.webp","image/webp","4192","20","Indexierbar","",""
"https://www.delst.de/files/team/Kein-Bild-vorhanden.jpg","image/jpeg","3633","143","Indexierbar","",""
"https://www.delst.de/files/theme/cc/certification/ZFU-zugelassen-Logo.svg","image/svg+xml","0","60","Indexierbar","",""
"https://www.delst.de/files/icons/delst-moderne-lehrmaterialien-ebook-150.png","image/png","1468","94","Indexierbar","",""
"https://www.delst.de/files/theme/cc/certification/AZAV-DeLSt.svg","image/svg+xml","0","80","Indexierbar","",""
"https://www.delst.de/assets/images/8/fernstudium-ortsunabhaengig-lernen-delst-ee6d07a6.svg","image/svg+xml","0","93","Indexierbar","",""
"https://www.delst.de/files/team/dozenten/ralf-schemmert-web.jpg","image/jpeg","10757","217","Indexierbar","",""
"https://www.delst.de/files/contents/logos/zertifizierungen/zfu-siegel-zugelassen-grau.svg","image/svg+xml","0","17","Indexierbar","",""
"https://www.delst.de/assets/images/2/fernstudium-berufsbegleitend-vollzeit-teilzeit-delst-6c4a5816.svg","image/svg+xml","0","63","Indexierbar","",""
"https://www.delst.de/files/contents/logos/Foerderungen/beispielrechnung-aufsteigsbafoeg-delst.webp","image/webp","36216","8","Indexierbar","",""
"https://www.delst.de/assets/images/0/naeffgen-ela-team-2ae26e7e.webp","image/webp","4138","37","Indexierbar","",""
"https://www.delst.de/assets/images/b/aufstiegs-bafoeg-foerderung-f07b97b5.webp","image/webp","4898","8","Indexierbar","",""
"https://www.delst.de/files/team/dozenten/studienbetreuung-delst-jpg.jpg","image/jpeg","22564","18","Indexierbar","",""
"https://www.delst.de/assets/images/1/fernstudium-foerdermoeglichkeiten-delst-6a06e565.svg","image/svg+xml","0","67","Indexierbar","",""
"https://www.delst.de/files/icons/delst-online-ortsungbunden-absolvierbar-150.png","image/png","2462","94","Indexierbar","",""
"https://www.delst.de/files/team/tutoren/jennifer-koelsch-delst.jpg","image/jpeg","21248","66","Indexierbar","",""
"https://www.delst.de/files/zertifizierungen/fsd-siegel-2024.png","image/png","5242","20","Indexierbar","",""
"https://www.delst.de/files/theme/cc/certification/Dekra-Logo-gruen.svg","image/svg+xml","0","21","Indexierbar","",""
"https://www.delst.de/files/theme/cc/certification/fernstudiumdirekt.png","image/png","14582","89","Indexierbar","",""
"https://www.delst.de/files/icons/AZAV/perspektiven.png","image/png","4395","1","Indexierbar","",""
"https://www.delst.de/assets/images/9/schritte-03-v2-ea390348.png","image/png","5102","1","Indexierbar","",""
"https://www.delst.de/files/icons/AZAV/foerderung.png","image/png","3739","1","Indexierbar","",""
"https://www.delst.de/files/icons/AZAV/persoenlich.png","image/png","5359","1","Indexierbar","",""
"https://www.delst.de/assets/images/a/schritte-05-v2-c09cac5a.png","image/png","5669","1","Indexierbar","",""
"https://www.delst.de/assets/images/2/schritte-02-v2-66da8197.png","image/png","5639","1","Indexierbar","",""
"https://www.delst.de/assets/images/6/schritte-01-v2-083c351d.png","image/png","5643","1","Indexierbar","",""
"https://www.delst.de/assets/images/4/bildungsmassmanhmen-mit-bildungsgutschein-delst-8c7b1e73.webp","image/webp","7062","1","Indexierbar","",""
"https://www.delst.de/assets/images/b/schritte-04-v2-969ad7b2.png","image/png","4635","1","Indexierbar","",""
"https://www.delst.de/files/icons/Lineal%20Style/web-based-training-wbt-academyofsports.svg","image/svg+xml","0","1","Indexierbar","",""
"https://www.delst.de/files/icons/Lineal%20Style/fernstudium-abschluss-delst.svg","image/svg+xml","0","1","Indexierbar","",""
"https://www.delst.de/files/icons/Lineal%20Style/fernstudium-ortsunabhaengig-lernen-delst.svg","image/svg+xml","0","1","Indexierbar","",""
"https://www.delst.de/assets/images/2/fsd-siegel-2024-cc207987.png","image/png","10557","1","Indexierbar","",""
"https://www.delst.de/files/contents/Landing-Pages/think-outside-the-box-aktionsseite.webp","image/webp","67908","1","Indexierbar","",""
"https://www.delst.de/assets/images/0/delst-top-anbieter-fortbildung24-breit-2e1ce745.jpg","image/jpeg","2841","1","Indexierbar","",""
"https://www.delst.de/assets/images/1/icon-zitat-434d105e.svg","image/svg+xml","0","4","Indexierbar","",""
"https://www.delst.de/files/icons/Lineal%20Style/flexibel.svg","image/svg+xml","0","1","Indexierbar","",""
"https://www.delst.de/assets/images/f/top-fernschule-2023-delst-d3863d04.webp","image/webp","1896","1","Indexierbar","",""
"https://www.delst.de/assets/images/7/think-outside-the-box-aktionsseite-zusatz-eebb3b77.webp","image/webp","14568","1","Indexierbar","",""
"https://www.delst.de/files/keyvisual/bildungsbereiche/Rechnungswesen/weiterbildung-rechnungswesen-online-delst.webp","image/webp","15460","1","Indexierbar","",""
"https://www.delst.de/assets/images/2/carola-roessler-ac4b3c30.webp","image/webp","5200","1","Indexierbar","",""
"https://www.delst.de/files/teaser/service/affiliate-werden-delst-partnerprogramm.jpg","image/jpeg","28561","1","Indexierbar","",""
"https://www.delst.de/assets/images/a/e-sports-manager-ihk-0b76c57d.webp","image/webp","35670","1","Indexierbar","",""
"https://www.delst.de/files/team/verwaltung/delst-gruppenbild-2022-komplett.webp","image/webp","159504","91","Indexierbar","",""
"https://www.delst.de/files/contents/Landing-Pages/pruefungsinhalte-ihk-delst.webp","image/webp","3826","1","Indexierbar","",""
"https://www.delst.de/files/contents/news/dqr-stufenmodell-2016-betriebswirt-ihk-delst.jpg","image/jpeg","59853","1","Indexierbar","",""
